{"role_weights": [[5.231326949752386, 1.9141729254430737, 1.895065566836326, 0.959434557968215], [5.054470447639313, 2.0292417251007815, 1.9473978838087862, 0.9688899434511195]], "rounds": 1}